,SizeDelta,HydroDelta,ChargeDelta,HBondDelta,FreqPerc,Position,Mutation,TriadDist
0,Larger Residue,More Hydrophobic,No Change,Lose HBonds,10.64001841,128,T128V,27.385000228881836
1,No Change,No Change,No Change,Gain HBonds,79.33840151,143,P143T,20.070270538330078
2,No Change,No Change,Positive Delta,No Change,41.98345363,35,E35H,40.56699752807617
3,Smaller Residue,More Hydrophobic,No Change,Lose HBonds,65.83247188,210,Q210G,40.0
4,Larger Residue,Less Hydrophobic,Positive Delta,No Change,37.12892052,157,S157R,33.83820724487305
5,Larger Residue,More Hydrophobic,Negative Delta,No Change,84.58859498,90,R90Y,20.223430633544922
6,No Change,More Hydrophobic,Negative Delta,Lose HBonds,3.354495808,321,R321M,40.0
7,Larger Residue,More Hydrophobic,Negative Delta,Lose HBonds,25.00413636,184,H184W,37.33958435058594
8,No Change,No Change,No Change,No Change,79.62016193,291,D291D,40.0
9,Smaller Residue,Less Hydrophobic,Positive Delta,Gain HBonds,18.4484299,234,W234K,40.0
10,Larger Residue,Less Hydrophobic,No Change,No Change,22.91212713,183,H183R,35.62364959716797
11,No Change,No Change,No Change,Gain HBonds,16.79499586,169,P169T,15.219331741333008
12,Larger Residue,Less Hydrophobic,No Change,No Change,40.92658716,116,G116P,17.994157791137695
13,Larger Residue,Less Hydrophobic,Positive Delta,No Change,49.90946664,83,T83H,15.207432746887207
14,Smaller Residue,Less Hydrophobic,Negative Delta,No Change,1.131197812,98,Y98D,13.941012382507324
15,Smaller Residue,More Hydrophobic,Negative Delta,No Change,64.12346216,184,H184T,37.33958435058594
16,No Change,No Change,No Change,Lose HBonds,76.70252532,37,T37P,34.58015823364258
17,No Change,No Change,No Change,No Change,19.56114713,38,N38N,32.374176025390625
18,Smaller Residue,Less Hydrophobic,Positive Delta,Gain HBonds,94.27842194,147,F147H,22.574777603149414
19,No Change,Less Hydrophobic,No Change,Gain HBonds,58.62167243,55,P55N,18.198240280151367
20,Smaller Residue,Less Hydrophobic,No Change,Gain HBonds,21.51458959,127,W127Q,28.80730438232422
21,Larger Residue,More Hydrophobic,No Change,Lose HBonds,36.9921329,12,T12L,60.24744415283203
22,Larger Residue,No Change,No Change,No Change,57.78591674,186,S186Y,32.66294479370117
23,Larger Residue,More Hydrophobic,No Change,Lose HBonds,69.86969842,170,N170V,12.55285930633545
24,Larger Residue,More Hydrophobic,No Change,Lose HBonds,66.77946487,96,N96I,16.792476654052734
25,Larger Residue,More Hydrophobic,No Change,Lose HBonds,3.76857038,209,S209F,40.0
26,Smaller Residue,Less Hydrophobic,Positive Delta,No Change,52.00353182,302,Y302H,40.0
27,Larger Residue,Less Hydrophobic,No Change,No Change,94.0997783,139,C139Q,32.84089279174805
28,Larger Residue,Less Hydrophobic,Positive Delta,No Change,26.26513501,318,T318K,40.0
29,Larger Residue,More Hydrophobic,No Change,Lose HBonds,92.92484444,250,N250M,40.0
30,Larger Residue,More Hydrophobic,No Change,No Change,53.88770221,200,G200F,40.0
31,Larger Residue,More Hydrophobic,No Change,Lose HBonds,23.74566367,173,N173M,12.491549491882324
32,Larger Residue,Less Hydrophobic,Negative Delta,Gain HBonds,53.85582523,103,P103E,5.298617362976074
33,Larger Residue,No Change,Positive Delta,No Change,11.31275897,275,D275H,40.0
34,Smaller Residue,Less Hydrophobic,No Change,No Change,86.25097653,36,V36G,37.61221694946289
35,No Change,No Change,No Change,No Change,16.18487307,67,I67I,17.108154296875
36,Larger Residue,More Hydrophobic,No Change,No Change,10.4099187,39,A39V,30.800424575805664
37,Larger Residue,Less Hydrophobic,No Change,Gain HBonds,94.69003544,154,L154Y,40.076904296875
38,Smaller Residue,No Change,No Change,No Change,97.38777144,41,E41D,31.26715087890625
39,Larger Residue,More Hydrophobic,No Change,Lose HBonds,15.11928483,30,T30M,51.06657791137695
40,Smaller Residue,More Hydrophobic,Negative Delta,No Change,11.79396432,57,R57E,20.38026237487793
41,Larger Residue,No Change,No Change,No Change,37.0893089,186,S186T,32.66294479370117
42,Smaller Residue,More Hydrophobic,No Change,Lose HBonds,98.20830904,195,Y195A,40.0
43,Larger Residue,Less Hydrophobic,Positive Delta,No Change,31.26216218,117,T117H,20.29383659362793
44,Smaller Residue,Less Hydrophobic,No Change,Gain HBonds,28.5547984,300,I300S,40.0
45,Smaller Residue,More Hydrophobic,No Change,No Change,35.79391497,38,N38S,32.374176025390625
46,Larger Residue,No Change,Positive Delta,No Change,91.45409017,188,N188K,36.2449836730957
47,Larger Residue,Less Hydrophobic,Negative Delta,No Change,20.34736108,95,S95E,18.904062271118164
48,No Change,Less Hydrophobic,Positive Delta,Gain HBonds,49.19574864,217,I217R,40.0
49,Larger Residue,Less Hydrophobic,Positive Delta,No Change,41.15691573,81,N81R,13.185203552246094
50,Smaller Residue,Less Hydrophobic,No Change,No Change,8.134700704,323,V323G,40.0
51,Smaller Residue,Less Hydrophobic,No Change,Gain HBonds,5.949107236,294,F294Q,40.0
52,Larger Residue,Less Hydrophobic,No Change,Gain HBonds,63.65175396,72,G72Q,19.68730354309082
53,No Change,No Change,No Change,No Change,36.53495112,266,S266S,40.0
54,Smaller Residue,Less Hydrophobic,No Change,Gain HBonds,0.01710529446,174,F174T,12.381632804870605
55,Larger Residue,More Hydrophobic,No Change,Lose HBonds,82.19843041,48,T48I,22.994792938232422
56,Smaller Residue,No Change,No Change,Lose HBonds,71.31213587,302,Y302G,40.0
57,No Change,Less Hydrophobic,Positive Delta,Gain HBonds,37.76871093,252,I252K,40.0
58,Larger Residue,More Hydrophobic,No Change,Lose HBonds,23.81501475,192,T192V,34.677955627441406
59,Larger Residue,No Change,No Change,No Change,97.20493294,30,T30Y,51.06657791137695
60,No Change,No Change,No Change,No Change,68.81874422,55,P55P,18.198240280151367
61,Larger Residue,No Change,No Change,Lose HBonds,93.92691966,117,T117W,20.29383659362793
62,Smaller Residue,More Hydrophobic,Negative Delta,Lose HBonds,92.66731956,310,K310A,40.0
63,No Change,Less Hydrophobic,Negative Delta,Gain HBonds,61.84031582,202,V202E,40.0
64,Larger Residue,Less Hydrophobic,Negative Delta,Gain HBonds,26.87095902,225,G225D,40.0
65,Larger Residue,Less Hydrophobic,No Change,No Change,91.44092087,145,S145N,17.58710479736328
66,Larger Residue,No Change,No Change,Lose HBonds,63.56099573,233,Y233W,40.0
67,Larger Residue,More Hydrophobic,Positive Delta,No Change,50.51263377,77,D77Y,15.46878433227539
68,No Change,No Change,No Change,No Change,22.3980986,313,T313T,40.0
69,No Change,Less Hydrophobic,Negative Delta,No Change,12.29210317,83,T83D,15.207432746887207
70,No Change,More Hydrophobic,Negative Delta,Lose HBonds,75.54526229,56,H56M,16.827207565307617
71,No Change,More Hydrophobic,Negative Delta,Lose HBonds,60.65800904,259,K259L,40.0
72,Smaller Residue,More Hydrophobic,No Change,No Change,52.71356413,210,Q210C,40.0
73,Smaller Residue,Less Hydrophobic,No Change,Gain HBonds,73.5745171,111,L111Q,8.741181373596191
74,Larger Residue,More Hydrophobic,No Change,Lose HBonds,52.90021597,22,N22M,44.19068908691406
75,No Change,More Hydrophobic,Negative Delta,Lose HBonds,75.89911983,299,K299M,40.0
76,Larger Residue,No Change,No Change,Gain HBonds,21.64404114,142,G142T,23.72808837890625
77,No Change,No Change,Positive Delta,No Change,80.54028779,211,Q211H,40.0
78,No Change,No Change,No Change,No Change,39.86454744,157,S157S,33.83820724487305
79,Larger Residue,No Change,No Change,Gain HBonds,34.16747832,72,G72S,19.68730354309082
80,Larger Residue,No Change,No Change,Gain HBonds,54.13090889,144,G144S,20.265954971313477
81,No Change,Less Hydrophobic,No Change,Gain HBonds,58.14546149,169,P169N,15.219331741333008
82,Smaller Residue,Less Hydrophobic,No Change,No Change,39.093373,70,L70A,22.494407653808594
83,No Change,More Hydrophobic,No Change,Lose HBonds,36.5591251,189,Q189V,32.836769104003906
84,Larger Residue,More Hydrophobic,Negative Delta,No Change,65.4300121,57,R57Y,20.38026237487793
85,No Change,No Change,No Change,No Change,87.14918008,235,T235T,40.0
86,Larger Residue,More Hydrophobic,Positive Delta,No Change,84.7085898,190,E190Y,32.29880905151367
87,Smaller Residue,Less Hydrophobic,No Change,Gain HBonds,45.29107689,59,L59C,17.30181312561035
88,Larger Residue,More Hydrophobic,No Change,No Change,83.78973484,303,G303I,40.0
89,No Change,Less Hydrophobic,Positive Delta,Gain HBonds,59.97918886,251,L251R,40.0
90,Smaller Residue,More Hydrophobic,Negative Delta,Lose HBonds,92.6206021,207,R207P,40.0
91,Smaller Residue,More Hydrophobic,No Change,No Change,9.848490146,127,W127M,28.80730438232422
92,Smaller Residue,Less Hydrophobic,Positive Delta,Gain HBonds,1.366361673,148,F148K,24.57916259765625
93,Smaller Residue,Less Hydrophobic,No Change,Gain HBonds,88.86184564,309,V309C,40.0
94,No Change,More Hydrophobic,No Change,No Change,95.74164624,81,N81T,13.185203552246094
95,Smaller Residue,Less Hydrophobic,No Change,Gain HBonds,29.26012886,274,I274S,40.0
96,Larger Residue,Less Hydrophobic,No Change,Gain HBonds,7.139462914,278,I278Y,40.0
97,Smaller Residue,Less Hydrophobic,Negative Delta,No Change,44.12494324,195,Y195D,40.0
98,Smaller Residue,Less Hydrophobic,No Change,Gain HBonds,89.77738538,282,I282T,40.0
99,No Change,More Hydrophobic,Positive Delta,No Change,5.412471371,175,D175C,15.63989543914795
100,Smaller Residue,More Hydrophobic,No Change,Lose HBonds,37.71910117,233,Y233M,40.0
101,Larger Residue,More Hydrophobic,No Change,Lose HBonds,74.11684643,287,S287M,40.0
102,Smaller Residue,More Hydrophobic,Negative Delta,Lose HBonds,86.47477743,264,K264V,40.0
103,Larger Residue,No Change,No Change,Gain HBonds,67.41034014,61,G61S,10.881057739257812
104,Larger Residue,More Hydrophobic,Negative Delta,Lose HBonds,67.19043467,315,K315W,40.0
105,Larger Residue,More Hydrophobic,No Change,No Change,59.84557983,289,P289I,40.0
106,Larger Residue,Less Hydrophobic,Negative Delta,No Change,95.52072818,115,S115E,15.186421394348145
107,Larger Residue,Less Hydrophobic,No Change,No Change,50.21467027,305,C305Y,40.0
108,No Change,Less Hydrophobic,Negative Delta,No Change,45.5202839,37,T37D,34.58015823364258
109,No Change,More Hydrophobic,Positive Delta,No Change,87.22663439,32,D32T,51.20947265625
110,Larger Residue,Less Hydrophobic,Negative Delta,Gain HBonds,33.72736175,272,A272D,40.0
111,No Change,No Change,No Change,Gain HBonds,92.13566411,324,P324T,40.0
112,Larger Residue,More Hydrophobic,No Change,Lose HBonds,86.55409916,139,C139I,32.84089279174805
113,Larger Residue,More Hydrophobic,No Change,No Change,77.73848402,142,G142A,23.72808837890625
114,Larger Residue,Less Hydrophobic,Positive Delta,Gain HBonds,90.70618191,144,G144R,20.265954971313477
115,Larger Residue,No Change,Positive Delta,No Change,75.23222526,298,N298K,40.0
116,Smaller Residue,More Hydrophobic,No Change,No Change,1.26066154,221,P221A,40.0
117,Larger Residue,No Change,No Change,No Change,4.319883617,116,G116W,17.994157791137695
118,Smaller Residue,Less Hydrophobic,Positive Delta,Gain HBonds,63.92481134,153,W153R,39.667903900146484
119,Smaller Residue,More Hydrophobic,Negative Delta,Lose HBonds,70.26623595,321,R321V,40.0
120,No Change,Less Hydrophobic,Positive Delta,Gain HBonds,69.63579817,274,I274R,40.0
121,Smaller Residue,More Hydrophobic,Negative Delta,No Change,33.50322,57,R57T,20.38026237487793
122,Larger Residue,More Hydrophobic,No Change,No Change,12.85638201,169,P169F,15.219331741333008
123,No Change,More Hydrophobic,No Change,Lose HBonds,63.58289429,189,Q189V,32.836769104003906
124,No Change,No Change,No Change,No Change,45.55525179,98,Y98Y,13.941012382507324
125,Larger Residue,No Change,No Change,No Change,77.06335671,157,S157Y,33.83820724487305
126,Larger Residue,More Hydrophobic,No Change,No Change,71.87306909,210,Q210Y,40.0
127,No Change,Less Hydrophobic,Negative Delta,Gain HBonds,37.13599732,78,V78E,13.784821510314941
128,Larger Residue,More Hydrophobic,No Change,Lose HBonds,92.87076997,139,C139I,32.84089279174805
129,Smaller Residue,Less Hydrophobic,Negative Delta,Gain HBonds,6.871516553,258,F258E,40.0
130,Larger Residue,Less Hydrophobic,Positive Delta,No Change,4.601680791,28,T28H,47.94676208496094
131,No Change,Less Hydrophobic,No Change,No Change,44.84964793,277,C277S,40.0
132,Larger Residue,More Hydrophobic,No Change,Lose HBonds,58.17242043,22,N22F,44.19068908691406
133,Larger Residue,Less Hydrophobic,Positive Delta,No Change,85.1789419,28,T28K,47.94676208496094
134,No Change,No Change,Positive Delta,No Change,78.6505581,89,E89Q,20.96853256225586
135,Larger Residue,More Hydrophobic,No Change,Lose HBonds,78.6056572,171,N171V,12.43242073059082
136,Larger Residue,Less Hydrophobic,No Change,Gain HBonds,95.89396699,304,A304T,40.0
137,Smaller Residue,Less Hydrophobic,No Change,Gain HBonds,89.215248,102,V102N,6.093393325805664
138,No Change,More Hydrophobic,Positive Delta,No Change,88.93355948,85,D85C,18.93745231628418
139,Smaller Residue,Less Hydrophobic,No Change,Gain HBonds,45.36838245,154,L154T,40.076904296875
140,Smaller Residue,No Change,Negative Delta,No Change,74.81712477,299,K299N,40.0
141,Smaller Residue,Less Hydrophobic,Positive Delta,Gain HBonds,63.77146647,84,W84H,15.316783905029297
142,Smaller Residue,Less Hydrophobic,Negative Delta,Gain HBonds,60.25817804,232,I232E,40.0
143,Larger Residue,More Hydrophobic,No Change,No Change,83.30658617,272,A272V,40.0
144,No Change,Less Hydrophobic,Positive Delta,Gain HBonds,11.53437231,177,L177H,20.759807586669922
145,Larger Residue,Less Hydrophobic,Positive Delta,No Change,18.34801551,104,D104R,5.679257869720459
146,Larger Residue,No Change,No Change,No Change,15.4113688,106,A106F,0.0
147,Larger Residue,More Hydrophobic,Positive Delta,Lose HBonds,29.24440899,73,D73M,20.828645706176758
148,Larger Residue,No Change,No Change,No Change,96.05892395,323,V323L,40.0
149,Larger Residue,No Change,No Change,No Change,96.48294167,69,A69M,22.216047286987305
150,Larger Residue,Less Hydrophobic,Positive Delta,Gain HBonds,3.667974492,162,P162R,24.15099334716797
151,Smaller Residue,No Change,Negative Delta,No Change,12.37129345,140,K140D,30.64887809753418
152,Smaller Residue,More Hydrophobic,Negative Delta,No Change,97.5243694,255,R255T,40.0
153,Larger Residue,Less Hydrophobic,No Change,No Change,84.03594742,146,G146P,19.074472427368164
154,Larger Residue,Less Hydrophobic,Negative Delta,No Change,46.46309642,305,C305E,40.0
155,Smaller Residue,More Hydrophobic,Positive Delta,Lose HBonds,89.86332335,119,E119G,25.263996124267578
156,Larger Residue,More Hydrophobic,No Change,Lose HBonds,63.79538883,133,N133F,27.72965431213379
157,Smaller Residue,No Change,Negative Delta,No Change,90.4888513,315,K315E,40.0
158,Larger Residue,Less Hydrophobic,Positive Delta,Gain HBonds,71.91114514,289,P289H,40.0
159,Larger Residue,More Hydrophobic,No Change,No Change,58.91609078,143,P143L,20.070270538330078
160,Smaller Residue,No Change,No Change,No Change,57.81484932,40,T40S,31.36777114868164
161,No Change,No Change,No Change,No Change,32.73336175,45,S45S,26.388381958007812
162,Larger Residue,No Change,No Change,Lose HBonds,77.92073379,98,Y98W,13.941012382507324
163,Larger Residue,Less Hydrophobic,No Change,No Change,76.66188018,29,I29W,50.090919494628906
164,Larger Residue,More Hydrophobic,No Change,No Change,5.641541582,273,P273V,40.0
165,Smaller Residue,More Hydrophobic,No Change,Lose HBonds,74.35208166,302,Y302A,40.0
166,Larger Residue,More Hydrophobic,Positive Delta,Lose HBonds,84.84593636,280,E280M,40.0
167,Smaller Residue,More Hydrophobic,Positive Delta,Lose HBonds,94.54159037,82,E82G,12.565601348876953
168,Larger Residue,More Hydrophobic,No Change,No Change,66.38663881,286,G286A,40.0
169,Larger Residue,Less Hydrophobic,Negative Delta,Gain HBonds,25.05891465,144,G144D,20.265954971313477
170,No Change,Less Hydrophobic,No Change,Gain HBonds,12.93089823,102,V102Q,6.093393325805664
171,Larger Residue,Less Hydrophobic,No Change,Gain HBonds,66.92450834,59,L59Y,17.30181312561035
172,Larger Residue,Less Hydrophobic,Positive Delta,Gain HBonds,72.63595392,102,V102R,6.093393325805664
173,No Change,More Hydrophobic,Positive Delta,No Change,84.75017317,241,D241T,40.0
174,Larger Residue,More Hydrophobic,No Change,No Change,47.24613226,185,P185L,34.062835693359375
175,Smaller Residue,Less Hydrophobic,Positive Delta,No Change,25.11664447,233,Y233K,40.0
176,No Change,More Hydrophobic,No Change,Lose HBonds,31.44890891,197,Q197M,40.0
177,No Change,Less Hydrophobic,Positive Delta,Gain HBonds,24.5278237,314,L314R,40.0
178,Smaller Residue,No Change,No Change,No Change,33.38131325,222,W222P,40.0
179,No Change,No Change,No Change,No Change,17.37108156,184,H184K,37.33958435058594
180,Smaller Residue,Less Hydrophobic,No Change,Gain HBonds,20.65409614,148,F148Q,24.57916259765625
181,Larger Residue,Less Hydrophobic,Positive Delta,No Change,33.09146948,283,T283R,40.0
182,Smaller Residue,More Hydrophobic,Negative Delta,Lose HBonds,80.8507009,92,K92V,22.510995864868164
183,Smaller Residue,Less Hydrophobic,No Change,Gain HBonds,3.111349312,29,I29C,50.090919494628906
184,Smaller Residue,Less Hydrophobic,No Change,Gain HBonds,62.91514827,316,L316N,40.0
185,Larger Residue,Less Hydrophobic,Negative Delta,Gain HBonds,21.0558591,263,G263E,40.0
186,Larger Residue,No Change,No Change,No Change,37.98380083,145,S145Y,17.58710479736328
187,Larger Residue,No Change,No Change,Lose HBonds,55.30157563,83,T83W,15.207432746887207
188,Smaller Residue,Less Hydrophobic,No Change,Gain HBonds,10.91961287,196,V196C,40.0
189,Smaller Residue,More Hydrophobic,Negative Delta,Lose HBonds,68.03580937,307,K307P,40.0
190,No Change,More Hydrophobic,Negative Delta,Lose HBonds,42.01526306,183,H183L,35.62364959716797
191,Smaller Residue,Less Hydrophobic,No Change,Gain HBonds,68.74476355,59,L59Q,17.30181312561035
192,Smaller Residue,Less Hydrophobic,No Change,Gain HBonds,31.04737649,278,I278N,40.0
193,No Change,More Hydrophobic,No Change,No Change,17.75065351,40,T40C,31.36777114868164
194,Larger Residue,No Change,No Change,Gain HBonds,41.15437147,16,G16Y,57.74401092529297
195,Smaller Residue,Less Hydrophobic,No Change,No Change,94.06323638,217,I217P,40.0
196,Smaller Residue,Less Hydrophobic,No Change,Gain HBonds,30.00411388,154,L154N,40.076904296875
197,Larger Residue,Less Hydrophobic,Negative Delta,Gain HBonds,74.93539335,134,G134D,25.696346282958984
198,Larger Residue,No Change,No Change,Gain HBonds,31.60598356,319,G319S,40.0
