mut,freq
T128V,10.64001841
P143T,79.33840151
E35H,41.98345363
Q210G,65.83247188
S157R,37.12892052
R90Y,84.58859498
R321M,3.354495808
H184W,25.00413636
D291D,79.62016193
W234K,18.4484299
H183R,22.91212713
P169T,16.79499586
G116P,40.92658716
T83H,49.90946664
Y98D,1.131197812
H184T,64.12346216
T37P,76.70252532
N38N,19.56114713
F147H,94.27842194
P55N,58.62167243
W127Q,21.51458959
T12L,36.9921329
S186Y,57.78591674
N170V,69.86969842
N96I,66.77946487
S209F,3.76857038
Y302H,52.00353182
C139Q,94.0997783
T318K,26.26513501
N250M,92.92484444
G200F,53.88770221
N173M,23.74566367
P103E,53.85582523
D275H,11.31275897
V36G,86.25097653
I67I,16.18487307
A39V,10.4099187
L154Y,94.69003544
E41D,97.38777144
T30M,15.11928483
R57E,11.79396432
S186T,37.0893089
Y195A,98.20830904
T117H,31.26216218
I300S,28.5547984
N38S,35.79391497
N188K,91.45409017
S95E,20.34736108
I217R,49.19574864
N81R,41.15691573
V323G,8.134700704
F294Q,5.949107236
G72Q,63.65175396
S266S,36.53495112
F174T,0.01710529446
T48I,82.19843041
Y302G,71.31213587
I252K,37.76871093
T192V,23.81501475
T30Y,97.20493294
P55P,68.81874422
T117W,93.92691966
K310A,92.66731956
V202E,61.84031582
G225D,26.87095902
S145N,91.44092087
Y233W,63.56099573
D77Y,50.51263377
T313T,22.3980986
T83D,12.29210317
H56M,75.54526229
K259L,60.65800904
Q210C,52.71356413
L111Q,73.5745171
N22M,52.90021597
K299M,75.89911983
G142T,21.64404114
Q211H,80.54028779
S157S,39.86454744
G72S,34.16747832
G144S,54.13090889
P169N,58.14546149
L70A,39.093373
Q189V,36.5591251
R57Y,65.4300121
T235T,87.14918008
E190Y,84.7085898
L59C,45.29107689
G303I,83.78973484
L251R,59.97918886
R207P,92.6206021
W127M,9.848490146
F148K,1.366361673
V309C,88.86184564
N81T,95.74164624
I274S,29.26012886
I278Y,7.139462914
Y195D,44.12494324
I282T,89.77738538
D175C,5.412471371
Y233M,37.71910117
S287M,74.11684643
K264V,86.47477743
G61S,67.41034014
K315W,67.19043467
P289I,59.84557983
S115E,95.52072818
C305Y,50.21467027
T37D,45.5202839
D32T,87.22663439
A272D,33.72736175
P324T,92.13566411
C139I,86.55409916
G142A,77.73848402
G144R,90.70618191
N298K,75.23222526
P221A,1.26066154
G116W,4.319883617
W153R,63.92481134
R321V,70.26623595
I274R,69.63579817
R57T,33.50322
P169F,12.85638201
Q189V,63.58289429
Y98Y,45.55525179
S157Y,77.06335671
Q210Y,71.87306909
V78E,37.13599732
C139I,92.87076997
F258E,6.871516553
T28H,4.601680791
C277S,44.84964793
N22F,58.17242043
T28K,85.1789419
E89Q,78.6505581
N171V,78.6056572
A304T,95.89396699
V102N,89.215248
D85C,88.93355948
L154T,45.36838245
K299N,74.81712477
W84H,63.77146647
I232E,60.25817804
A272V,83.30658617
L177H,11.53437231
D104R,18.34801551
A106F,15.4113688
D73M,29.24440899
V323L,96.05892395
A69M,96.48294167
P162R,3.667974492
K140D,12.37129345
R255T,97.5243694
G146P,84.03594742
C305E,46.46309642
E119G,89.86332335
N133F,63.79538883
K315E,90.4888513
P289H,71.91114514
P143L,58.91609078
T40S,57.81484932
S45S,32.73336175
Y98W,77.92073379
I29W,76.66188018
P273V,5.641541582
Y302A,74.35208166
E280M,84.84593636
E82G,94.54159037
G286A,66.38663881
G144D,25.05891465
V102Q,12.93089823
L59Y,66.92450834
V102R,72.63595392
D241T,84.75017317
P185L,47.24613226
Y233K,25.11664447
Q197M,31.44890891
L314R,24.5278237
W222P,33.38131325
H184K,17.37108156
F148Q,20.65409614
T283R,33.09146948
K92V,80.8507009
I29C,3.111349312
L316N,62.91514827
G263E,21.0558591
S145Y,37.98380083
T83W,55.30157563
V196C,10.91961287
K307P,68.03580937
H183L,42.01526306
L59Q,68.74476355
I278N,31.04737649
T40C,17.75065351
G16Y,41.15437147
I217P,94.06323638
L154N,30.00411388
G134D,74.93539335
G319S,31.60598356